id,name,code,parent_id/id,act_field_id/id,sequence,level
l10n_co_tech_provider.l10n_co_tech_provider_line_field_001,NitEmisor,COD001,l10n_co_tech_provider.l10n_co_tech_provider_line_headboard_01,l10n_co_act_fields.account_act_fields_001,0,0
l10n_co_tech_provider.l10n_co_tech_provider_line_field_002,NitAdquiriente,COD002,l10n_co_tech_provider.l10n_co_tech_provider_line_headboard_01,l10n_co_act_fields.account_act_fields_002,1,0
l10n_co_tech_provider.l10n_co_tech_provider_line_field_003,TipoDocumento,COD003,l10n_co_tech_provider.l10n_co_tech_provider_line_headboard_01,l10n_co_act_fields.account_act_fields_003,2,0
l10n_co_tech_provider.l10n_co_tech_provider_line_field_004,Version,COD004,l10n_co_tech_provider.l10n_co_tech_provider_line_headboard_01,l10n_co_act_fields.account_act_fields_004,3,0
l10n_co_tech_provider.l10n_co_tech_provider_line_field_005,AmbieteDestinoDocumento,COD005,l10n_co_tech_provider.l10n_co_tech_provider_line_headboard_01,l10n_co_act_fields.account_act_fields_005,4,0
l10n_co_tech_provider.l10n_co_tech_provider_line_field_006,IdentificadorFactura,COD006,l10n_co_tech_provider.l10n_co_tech_provider_line_headboard_02,l10n_co_act_fields.account_act_fields_006,0,0
l10n_co_tech_provider.l10n_co_tech_provider_line_field_007,Serie,COD007,l10n_co_tech_provider.l10n_co_tech_provider_line_headboard_02,l10n_co_act_fields.account_act_fields_007,1,0
l10n_co_tech_provider.l10n_co_tech_provider_line_field_008,Folio,COD008,l10n_co_tech_provider.l10n_co_tech_provider_line_headboard_02,l10n_co_act_fields.account_act_fields_008,2,0
l10n_co_tech_provider.l10n_co_tech_provider_line_field_009,FechaEmision,COD009,l10n_co_tech_provider.l10n_co_tech_provider_line_headboard_02,l10n_co_act_fields.account_act_fields_009,3,0
l10n_co_tech_provider.l10n_co_tech_provider_line_field_010,HoraEmision,COD010,l10n_co_tech_provider.l10n_co_tech_provider_line_headboard_02,l10n_co_act_fields.account_act_fields_010,4,0
l10n_co_tech_provider.l10n_co_tech_provider_line_field_011,TimeZone,COD011,l10n_co_tech_provider.l10n_co_tech_provider_line_headboard_02,l10n_co_act_fields.account_act_fields_011,5,0
l10n_co_tech_provider.l10n_co_tech_provider_line_field_012,TipoFactura,COD012,l10n_co_tech_provider.l10n_co_tech_provider_line_headboard_02,l10n_co_act_fields.account_act_fields_012,6,0
l10n_co_tech_provider.l10n_co_tech_provider_line_field_013,MetodoPago,COD013,l10n_co_tech_provider.l10n_co_tech_provider_line_headboard_02,l10n_co_act_fields.account_act_fields_013,7,0
l10n_co_tech_provider.l10n_co_tech_provider_line_field_014,TerminoPago,COD014,l10n_co_tech_provider.l10n_co_tech_provider_line_headboard_02,l10n_co_act_fields.account_act_fields_014,8,0
l10n_co_tech_provider.l10n_co_tech_provider_line_field_015,DescripcionTerminoPago,COD015,l10n_co_tech_provider.l10n_co_tech_provider_line_headboard_02,l10n_co_act_fields.account_act_fields_015,9,0
l10n_co_tech_provider.l10n_co_tech_provider_line_field_016,FechaInicioPago,COD016,l10n_co_tech_provider.l10n_co_tech_provider_line_headboard_02,l10n_co_act_fields.account_act_fields_016,10,0
l10n_co_tech_provider.l10n_co_tech_provider_line_field_017,FechaFinPago,COD017,l10n_co_tech_provider.l10n_co_tech_provider_line_headboard_02,l10n_co_act_fields.account_act_fields_017,11,0
l10n_co_tech_provider.l10n_co_tech_provider_line_field_018,FormaPago,COD018,l10n_co_tech_provider.l10n_co_tech_provider_line_headboard_02,l10n_co_act_fields.account_act_fields_018,12,0
l10n_co_tech_provider.l10n_co_tech_provider_line_field_019,LugarExpedicion,COD019,l10n_co_tech_provider.l10n_co_tech_provider_line_headboard_02,l10n_co_act_fields.account_act_fields_019,13,0
l10n_co_tech_provider.l10n_co_tech_provider_line_field_020,RegimenFiscalEmisor,COD020,l10n_co_tech_provider.l10n_co_tech_provider_line_headboard_02,l10n_co_act_fields.account_act_fields_020,14,0
l10n_co_tech_provider.l10n_co_tech_provider_line_field_021,EjercicioFiscal ,COD021,l10n_co_tech_provider.l10n_co_tech_provider_line_headboard_02,l10n_co_act_fields.account_act_fields_021,15,0
l10n_co_tech_provider.l10n_co_tech_provider_line_field_022,EstatusDocumento ,COD022,l10n_co_tech_provider.l10n_co_tech_provider_line_headboard_02,l10n_co_act_fields.account_act_fields_022,16,0
l10n_co_tech_provider.l10n_co_tech_provider_line_field_023,NumeroCheque,COD023,l10n_co_tech_provider.l10n_co_tech_provider_line_headboard_02,l10n_co_act_fields.account_act_fields_023,17,0
l10n_co_tech_provider.l10n_co_tech_provider_line_field_024,Departamento ,COD024,l10n_co_tech_provider.l10n_co_tech_provider_line_headboard_02,l10n_co_act_fields.account_act_fields_024,18,0
l10n_co_tech_provider.l10n_co_tech_provider_line_field_025,Division,COD025,l10n_co_tech_provider.l10n_co_tech_provider_line_headboard_02,l10n_co_act_fields.account_act_fields_025,19,0
l10n_co_tech_provider.l10n_co_tech_provider_line_field_026,CentroCostos ,COD026,l10n_co_tech_provider.l10n_co_tech_provider_line_headboard_02,l10n_co_act_fields.account_act_fields_026,20,0
l10n_co_tech_provider.l10n_co_tech_provider_line_field_027,TipoOperacion,COD027,l10n_co_tech_provider.l10n_co_tech_provider_line_headboard_02,l10n_co_act_fields.account_act_fields_027,21,0
l10n_co_tech_provider.l10n_co_tech_provider_line_field_028,NumeroPartidas,COD028,l10n_co_tech_provider.l10n_co_tech_provider_line_headboard_02,l10n_co_act_fields.account_act_fields_028,22,0
l10n_co_tech_provider.l10n_co_tech_provider_line_field_029,Fecha de inicio del periodo de facturación.,COD029,l10n_co_tech_provider.l10n_co_tech_provider_line_headboard_02,l10n_co_act_fields.account_act_fields_029,23,0
l10n_co_tech_provider.l10n_co_tech_provider_line_field_030,Hora de inicio del periodo de facturación.,COD030,l10n_co_tech_provider.l10n_co_tech_provider_line_headboard_02,l10n_co_act_fields.account_act_fields_030,24,0
l10n_co_tech_provider.l10n_co_tech_provider_line_field_031,Fecha de fin del periodo de facturación.,COD031,l10n_co_tech_provider.l10n_co_tech_provider_line_headboard_02,l10n_co_act_fields.account_act_fields_031,25,0
l10n_co_tech_provider.l10n_co_tech_provider_line_field_032,Hora de fin del periodo de facturación.,COD032,l10n_co_tech_provider.l10n_co_tech_provider_line_headboard_02,l10n_co_act_fields.account_act_fields_032,26,0
l10n_co_tech_provider.l10n_co_tech_provider_line_field_033,Identficador de Sucursal,COD033,l10n_co_tech_provider.l10n_co_tech_provider_line_headboard_02,l10n_co_act_fields.account_act_fields_033,27,0
l10n_co_tech_provider.l10n_co_tech_provider_line_field_034,Fecha efectiva de Salida de los bienes,COD034,l10n_co_tech_provider.l10n_co_tech_provider_line_headboard_02,l10n_co_act_fields.account_act_fields_034,28,0
l10n_co_tech_provider.l10n_co_tech_provider_line_field_035,Hora efectiva de Salida de los bienes,COD035,l10n_co_tech_provider.l10n_co_tech_provider_line_headboard_02,l10n_co_act_fields.account_act_fields_035,29,0
l10n_co_tech_provider.l10n_co_tech_provider_line_field_036,Identificador del Pago.,COD036,l10n_co_tech_provider.l10n_co_tech_provider_line_headboard_02,l10n_co_act_fields.account_act_fields_036,30,0
l10n_co_tech_provider.l10n_co_tech_provider_line_field_037,Divisa,COD037,l10n_co_tech_provider.l10n_co_tech_provider_line_headboard_03,l10n_co_act_fields.account_act_fields_037,0,0
l10n_co_tech_provider.l10n_co_tech_provider_line_field_038,TipoCambio,COD038,l10n_co_tech_provider.l10n_co_tech_provider_line_headboard_03,l10n_co_act_fields.account_act_fields_038,1,0
l10n_co_tech_provider.l10n_co_tech_provider_line_field_039,Subtotal,COD039,l10n_co_tech_provider.l10n_co_tech_provider_line_headboard_03,l10n_co_act_fields.account_act_fields_039,2,0
l10n_co_tech_provider.l10n_co_tech_provider_line_field_040,Descuento,COD040,l10n_co_tech_provider.l10n_co_tech_provider_line_headboard_03,l10n_co_act_fields.account_act_fields_040,3,0
l10n_co_tech_provider.l10n_co_tech_provider_line_field_041,MotivoDescuento,COD041,l10n_co_tech_provider.l10n_co_tech_provider_line_headboard_03,l10n_co_act_fields.account_act_fields_041,4,0
l10n_co_tech_provider.l10n_co_tech_provider_line_field_042,Cargos,COD042,l10n_co_tech_provider.l10n_co_tech_provider_line_headboard_03,l10n_co_act_fields.account_act_fields_042,5,0
l10n_co_tech_provider.l10n_co_tech_provider_line_field_043,Motivos de Cargos,COD043,l10n_co_tech_provider.l10n_co_tech_provider_line_headboard_03,l10n_co_act_fields.account_act_fields_043,6,0
l10n_co_tech_provider.l10n_co_tech_provider_line_field_044,Total,COD044,l10n_co_tech_provider.l10n_co_tech_provider_line_headboard_03,l10n_co_act_fields.account_act_fields_044,7,0
l10n_co_tech_provider.l10n_co_tech_provider_line_field_045,TotalImpuestosRetenidos,COD045,l10n_co_tech_provider.l10n_co_tech_provider_line_headboard_03,l10n_co_act_fields.account_act_fields_045,8,0
l10n_co_tech_provider.l10n_co_tech_provider_line_field_046,TotalImpuestosTrasladados,COD046,l10n_co_tech_provider.l10n_co_tech_provider_line_headboard_03,l10n_co_act_fields.account_act_fields_046,9,0
l10n_co_tech_provider.l10n_co_tech_provider_line_field_047,TotalPagoAnticipado,COD047,l10n_co_tech_provider.l10n_co_tech_provider_line_headboard_03,l10n_co_act_fields.account_act_fields_047,10,0
l10n_co_tech_provider.l10n_co_tech_provider_line_field_048,MontoAPagar,COD048,l10n_co_tech_provider.l10n_co_tech_provider_line_headboard_03,l10n_co_act_fields.account_act_fields_048,11,0
l10n_co_tech_provider.l10n_co_tech_provider_line_field_049,ObservacionesFactura,COD112-2,l10n_co_tech_provider.l10n_co_tech_provider_line_headboard_03,l10n_co_act_fields.account_act_fields_258,12,0
l10n_co_tech_provider.l10n_co_tech_provider_line_field_050,ImporteConLetras,COD050,l10n_co_tech_provider.l10n_co_tech_provider_line_headboard_03,l10n_co_act_fields.account_act_fields_050,13,0
l10n_co_tech_provider.l10n_co_tech_provider_line_field_051,FechaTasaCambio,COD051,l10n_co_tech_provider.l10n_co_tech_provider_line_headboard_03,l10n_co_act_fields.account_act_fields_051,14,0
l10n_co_tech_provider.l10n_co_tech_provider_line_field_052,TotalBaseImpuestos,COD052,l10n_co_tech_provider.l10n_co_tech_provider_line_headboard_03,l10n_co_act_fields.account_act_fields_052,15,0
l10n_co_tech_provider.l10n_co_tech_provider_line_field_053,TotalBrutoMasImpuestos,COD053,l10n_co_tech_provider.l10n_co_tech_provider_line_headboard_03,l10n_co_act_fields.account_act_fields_053,16,0
l10n_co_tech_provider.l10n_co_tech_provider_line_field_054,Total Anticipos,COD054,l10n_co_tech_provider.l10n_co_tech_provider_line_headboard_03,l10n_co_act_fields.account_act_fields_054,17,0
l10n_co_tech_provider.l10n_co_tech_provider_line_field_055,Tipo de Moneda a la cual se hace la conversión.,COD055,l10n_co_tech_provider.l10n_co_tech_provider_line_headboard_03,l10n_co_act_fields.account_act_fields_055,18,0
l10n_co_tech_provider.l10n_co_tech_provider_line_field_056,Divisa Adicional,COD056,l10n_co_tech_provider.l10n_co_tech_provider_line_headboard_03,l10n_co_act_fields.account_act_fields_056,19,0
l10n_co_tech_provider.l10n_co_tech_provider_line_field_057,Tasa de Cambio Secundaria.,COD057,l10n_co_tech_provider.l10n_co_tech_provider_line_headboard_03,l10n_co_act_fields.account_act_fields_057,20,0
l10n_co_tech_provider.l10n_co_tech_provider_line_field_058,Fecha en la que se fijó la tasa de cambio secundaria.,COD058,l10n_co_tech_provider.l10n_co_tech_provider_line_headboard_03,l10n_co_act_fields.account_act_fields_058,21,0
l10n_co_tech_provider.l10n_co_tech_provider_line_field_059,TotalImpuestosIVA,COD059,l10n_co_tech_provider.l10n_co_tech_provider_line_headboard_03,l10n_co_act_fields.account_act_fields_059,22,0
l10n_co_tech_provider.l10n_co_tech_provider_line_field_060,Monto Total Impuesto IC,COD060,l10n_co_tech_provider.l10n_co_tech_provider_line_headboard_03,l10n_co_act_fields.account_act_fields_060,23,
l10n_co_tech_provider.l10n_co_tech_provider_line_field_061,Monto Total Impuesto ICA,COD061,l10n_co_tech_provider.l10n_co_tech_provider_line_headboard_03,l10n_co_act_fields.account_act_fields_061,24,
l10n_co_tech_provider.l10n_co_tech_provider_line_field_062,Monto Total Impuesto INC,COD062,l10n_co_tech_provider.l10n_co_tech_provider_line_headboard_03,l10n_co_act_fields.account_act_fields_062,25,
,,,,,,
,,,,,,
,,,,,,
l10n_co_tech_provider.l10n_co_tech_provider_line_field_066,Calificador,COD066,l10n_co_tech_provider.l10n_co_tech_provider_line_headboard_04,l10n_co_act_fields.account_act_fields_066,0,0
l10n_co_tech_provider.l10n_co_tech_provider_line_field_067,Nit,COD067,l10n_co_tech_provider.l10n_co_tech_provider_line_headboard_04,l10n_co_act_fields.account_act_fields_067,1,0
l10n_co_tech_provider.l10n_co_tech_provider_line_field_068,Código Interno (Receptor),COD068,l10n_co_tech_provider.l10n_co_tech_provider_line_headboard_04,l10n_co_act_fields.account_act_fields_068,2,
l10n_co_tech_provider.l10n_co_tech_provider_line_field_069,Código Externo (Receptor),COD069,l10n_co_tech_provider.l10n_co_tech_provider_line_headboard_04,l10n_co_act_fields.account_act_fields_069,3,
l10n_co_tech_provider.l10n_co_tech_provider_line_field_070,Código Global (Receptor),COD070,l10n_co_tech_provider.l10n_co_tech_provider_line_headboard_04,l10n_co_act_fields.account_act_fields_070,4,
l10n_co_tech_provider.l10n_co_tech_provider_line_field_071,Nombre,COD071,l10n_co_tech_provider.l10n_co_tech_provider_line_headboard_04,l10n_co_act_fields.account_act_fields_071,5,0
l10n_co_tech_provider.l10n_co_tech_provider_line_field_072,Line,COD072,l10n_co_tech_provider.l10n_co_tech_provider_line_headboard_04,l10n_co_act_fields.account_act_fields_072,6,0
l10n_co_tech_provider.l10n_co_tech_provider_line_field_073,Departamento,COD073,l10n_co_tech_provider.l10n_co_tech_provider_line_headboard_04,l10n_co_act_fields.account_act_fields_073,7,0
l10n_co_tech_provider.l10n_co_tech_provider_line_field_074,Ciudad,COD074,l10n_co_tech_provider.l10n_co_tech_provider_line_headboard_04,l10n_co_act_fields.account_act_fields_074,8,0
l10n_co_tech_provider.l10n_co_tech_provider_line_field_075,Municipio (Receptor),COD075,l10n_co_tech_provider.l10n_co_tech_provider_line_headboard_04,l10n_co_act_fields.account_act_fields_075,9,
l10n_co_tech_provider.l10n_co_tech_provider_line_field_076,CodigoPais,COD076,l10n_co_tech_provider.l10n_co_tech_provider_line_headboard_04,l10n_co_act_fields.account_act_fields_076,10,0
l10n_co_tech_provider.l10n_co_tech_provider_line_field_077,Pais,COD077,l10n_co_tech_provider.l10n_co_tech_provider_line_headboard_04,l10n_co_act_fields.account_act_fields_077,11,0
l10n_co_tech_provider.l10n_co_tech_provider_line_field_078,Contacto Nombre (Receptor),COD078,l10n_co_tech_provider.l10n_co_tech_provider_line_headboard_04,l10n_co_act_fields.account_act_fields_078,12,
l10n_co_tech_provider.l10n_co_tech_provider_line_field_079,Contacto Teléfono (Receptor),COD079,l10n_co_tech_provider.l10n_co_tech_provider_line_headboard_04,l10n_co_act_fields.account_act_fields_079,13,
l10n_co_tech_provider.l10n_co_tech_provider_line_field_080,Contacto Email (Receptor),COD080,l10n_co_tech_provider.l10n_co_tech_provider_line_headboard_04,l10n_co_act_fields.account_act_fields_080,14,
l10n_co_tech_provider.l10n_co_tech_provider_line_field_081,Cedula Juridica (Receptor),COD081,l10n_co_tech_provider.l10n_co_tech_provider_line_headboard_04,l10n_co_act_fields.account_act_fields_081,15,
l10n_co_tech_provider.l10n_co_tech_provider_line_field_082,DigitoVerificador,COD082,l10n_co_tech_provider.l10n_co_tech_provider_line_headboard_04,l10n_co_act_fields.account_act_fields_082,16,0
l10n_co_tech_provider.l10n_co_tech_provider_line_field_083,TipoOrganizacionJuridica,COD083,l10n_co_tech_provider.l10n_co_tech_provider_line_headboard_04,l10n_co_act_fields.account_act_fields_083,17,0
l10n_co_tech_provider.l10n_co_tech_provider_line_field_084,ClaveIdentificadorTributario,COD084,l10n_co_tech_provider.l10n_co_tech_provider_line_headboard_04,l10n_co_act_fields.account_act_fields_084,18,0
l10n_co_tech_provider.l10n_co_tech_provider_line_field_085,NombreIdentificadorTributario,COD085,l10n_co_tech_provider.l10n_co_tech_provider_line_headboard_04,l10n_co_act_fields.account_act_fields_085,19,0
l10n_co_tech_provider.l10n_co_tech_provider_line_field_086,ObligacionesFiscales,COD086,l10n_co_tech_provider.l10n_co_tech_provider_line_headboard_04,l10n_co_act_fields.account_act_fields_086,20,0
l10n_co_tech_provider.l10n_co_tech_provider_line_field_087,RegimenFiscal,COD087,l10n_co_tech_provider.l10n_co_tech_provider_line_headboard_04,l10n_co_act_fields.account_act_fields_087,21,0
l10n_co_tech_provider.l10n_co_tech_provider_line_field_088,CodigoDepartamento,COD088,l10n_co_tech_provider.l10n_co_tech_provider_line_headboard_04,l10n_co_act_fields.account_act_fields_088,22,0
l10n_co_tech_provider.l10n_co_tech_provider_line_field_089,CodigoMunicipio,COD089,l10n_co_tech_provider.l10n_co_tech_provider_line_headboard_04,l10n_co_act_fields.account_act_fields_089,23,0
l10n_co_tech_provider.l10n_co_tech_provider_line_field_090,CodigoPostal,COD090,l10n_co_tech_provider.l10n_co_tech_provider_line_headboard_04,l10n_co_act_fields.account_act_fields_090,24,0
l10n_co_tech_provider.l10n_co_tech_provider_line_field_091,CIIU,COD091,l10n_co_tech_provider.l10n_co_tech_provider_line_headboard_04,l10n_co_act_fields.account_act_fields_091,25,
l10n_co_tech_provider.l10n_co_tech_provider_line_field_092,LenguajePais,COD092,l10n_co_tech_provider.l10n_co_tech_provider_line_headboard_04,l10n_co_act_fields.account_act_fields_092,26,0
l10n_co_tech_provider.l10n_co_tech_provider_line_field_093,Porcentaje de los participantes del consorcio,COD093,l10n_co_tech_provider.l10n_co_tech_provider_line_headboard_04,l10n_co_act_fields.account_act_fields_093,27,
l10n_co_tech_provider.l10n_co_tech_provider_line_field_094,Nota Adicional al Contacto,COD094,l10n_co_tech_provider.l10n_co_tech_provider_line_headboard_04,l10n_co_act_fields.account_act_fields_094,28,
l10n_co_tech_provider.l10n_co_tech_provider_line_field_095,TipoDocumentoIdentidad,COD095,l10n_co_tech_provider.l10n_co_tech_provider_line_headboard_04,l10n_co_act_fields.account_act_fields_095,29,0
l10n_co_tech_provider.l10n_co_tech_provider_line_field_096,Número de Matrícula Mercantil,COD096,l10n_co_tech_provider.l10n_co_tech_provider_line_headboard_04,l10n_co_act_fields.account_act_fields_096,30,
l10n_co_tech_provider.l10n_co_tech_provider_line_field_097,Calificador,COD218,l10n_co_tech_provider.l10n_co_tech_provider_line_headboard_05,l10n_co_act_fields.account_act_fields_218,0,0
l10n_co_tech_provider.l10n_co_tech_provider_line_field_098,Nit,COD219,l10n_co_tech_provider.l10n_co_tech_provider_line_headboard_05,l10n_co_act_fields.account_act_fields_219,1,0
l10n_co_tech_provider.l10n_co_tech_provider_line_field_099,Código Interno (Emisor),COD220,l10n_co_tech_provider.l10n_co_tech_provider_line_headboard_05,l10n_co_act_fields.account_act_fields_220,2,0
l10n_co_tech_provider.l10n_co_tech_provider_line_field_100,Código Externo (Emisor),COD221,l10n_co_tech_provider.l10n_co_tech_provider_line_headboard_05,l10n_co_act_fields.account_act_fields_221,3,0
l10n_co_tech_provider.l10n_co_tech_provider_line_field_101,Código Global (Emisor),COD222,l10n_co_tech_provider.l10n_co_tech_provider_line_headboard_05,l10n_co_act_fields.account_act_fields_222,4,0
l10n_co_tech_provider.l10n_co_tech_provider_line_field_102,Nombre,COD223,l10n_co_tech_provider.l10n_co_tech_provider_line_headboard_05,l10n_co_act_fields.account_act_fields_223,5,0
l10n_co_tech_provider.l10n_co_tech_provider_line_field_103,Line,COD224,l10n_co_tech_provider.l10n_co_tech_provider_line_headboard_05,l10n_co_act_fields.account_act_fields_224,6,0
l10n_co_tech_provider.l10n_co_tech_provider_line_field_104,Departamento,COD225,l10n_co_tech_provider.l10n_co_tech_provider_line_headboard_05,l10n_co_act_fields.account_act_fields_225,7,0
l10n_co_tech_provider.l10n_co_tech_provider_line_field_105,Ciudad,COD226,l10n_co_tech_provider.l10n_co_tech_provider_line_headboard_05,l10n_co_act_fields.account_act_fields_226,8,0
l10n_co_tech_provider.l10n_co_tech_provider_line_field_106,Municipio (Emisor),COD227,l10n_co_tech_provider.l10n_co_tech_provider_line_headboard_05,l10n_co_act_fields.account_act_fields_227,9,0
l10n_co_tech_provider.l10n_co_tech_provider_line_field_107,CodigoPais,COD228,l10n_co_tech_provider.l10n_co_tech_provider_line_headboard_05,l10n_co_act_fields.account_act_fields_228,10,0
l10n_co_tech_provider.l10n_co_tech_provider_line_field_108,Pais,COD229,l10n_co_tech_provider.l10n_co_tech_provider_line_headboard_05,l10n_co_act_fields.account_act_fields_229,11,0
l10n_co_tech_provider.l10n_co_tech_provider_line_field_109,Contacto Nombre (Emisor),COD230,l10n_co_tech_provider.l10n_co_tech_provider_line_headboard_05,l10n_co_act_fields.account_act_fields_230,12,0
l10n_co_tech_provider.l10n_co_tech_provider_line_field_110,Contacto Teléfono (Emisor),COD231,l10n_co_tech_provider.l10n_co_tech_provider_line_headboard_05,l10n_co_act_fields.account_act_fields_231,13,0
l10n_co_tech_provider.l10n_co_tech_provider_line_field_111,Contacto Email (Emisor),COD232,l10n_co_tech_provider.l10n_co_tech_provider_line_headboard_05,l10n_co_act_fields.account_act_fields_232,14,0
l10n_co_tech_provider.l10n_co_tech_provider_line_field_112,Cedula Juridica (Emisor),COD233,l10n_co_tech_provider.l10n_co_tech_provider_line_headboard_05,l10n_co_act_fields.account_act_fields_233,15,0
l10n_co_tech_provider.l10n_co_tech_provider_line_field_113,DigitoVerificador,COD234,l10n_co_tech_provider.l10n_co_tech_provider_line_headboard_05,l10n_co_act_fields.account_act_fields_234,16,0
l10n_co_tech_provider.l10n_co_tech_provider_line_field_114,TipoOrganizacionJuridica,COD235,l10n_co_tech_provider.l10n_co_tech_provider_line_headboard_05,l10n_co_act_fields.account_act_fields_235,17,0
l10n_co_tech_provider.l10n_co_tech_provider_line_field_115,ClaveIdentificadorTributario,COD236,l10n_co_tech_provider.l10n_co_tech_provider_line_headboard_05,l10n_co_act_fields.account_act_fields_236,18,0
l10n_co_tech_provider.l10n_co_tech_provider_line_field_116,NombreIdentificadorTributario,COD237,l10n_co_tech_provider.l10n_co_tech_provider_line_headboard_05,l10n_co_act_fields.account_act_fields_237,19,0
l10n_co_tech_provider.l10n_co_tech_provider_line_field_117,ObligacionesFiscales,COD238,l10n_co_tech_provider.l10n_co_tech_provider_line_headboard_05,l10n_co_act_fields.account_act_fields_238,20,0
l10n_co_tech_provider.l10n_co_tech_provider_line_field_118,RegimenFiscal,COD239,l10n_co_tech_provider.l10n_co_tech_provider_line_headboard_05,l10n_co_act_fields.account_act_fields_239,21,0
l10n_co_tech_provider.l10n_co_tech_provider_line_field_119,CodigoDepartamento,COD240,l10n_co_tech_provider.l10n_co_tech_provider_line_headboard_05,l10n_co_act_fields.account_act_fields_240,22,0
l10n_co_tech_provider.l10n_co_tech_provider_line_field_120,CodigoMunicipio,COD241,l10n_co_tech_provider.l10n_co_tech_provider_line_headboard_05,l10n_co_act_fields.account_act_fields_241,23,0
l10n_co_tech_provider.l10n_co_tech_provider_line_field_121,CodigoPostal,COD242,l10n_co_tech_provider.l10n_co_tech_provider_line_headboard_05,l10n_co_act_fields.account_act_fields_242,24,0
l10n_co_tech_provider.l10n_co_tech_provider_line_field_122,CIIU,COD243,l10n_co_tech_provider.l10n_co_tech_provider_line_headboard_05,l10n_co_act_fields.account_act_fields_243,25,0
l10n_co_tech_provider.l10n_co_tech_provider_line_field_123,LenguajePais,COD244,l10n_co_tech_provider.l10n_co_tech_provider_line_headboard_05,l10n_co_act_fields.account_act_fields_244,26,0
l10n_co_tech_provider.l10n_co_tech_provider_line_field_124,Porcentaje de los participantes del consorcio,COD245,l10n_co_tech_provider.l10n_co_tech_provider_line_headboard_05,l10n_co_act_fields.account_act_fields_245,27,0
l10n_co_tech_provider.l10n_co_tech_provider_line_field_125,Nota Adicional al Contacto,COD246,l10n_co_tech_provider.l10n_co_tech_provider_line_headboard_05,l10n_co_act_fields.account_act_fields_246,28,0
l10n_co_tech_provider.l10n_co_tech_provider_line_field_126,TipoDocumentoIdentidad,COD247,l10n_co_tech_provider.l10n_co_tech_provider_line_headboard_05,l10n_co_act_fields.account_act_fields_247,29,0
l10n_co_tech_provider.l10n_co_tech_provider_line_field_127,Número de Matrícula Mercantil,COD248,l10n_co_tech_provider.l10n_co_tech_provider_line_headboard_05,l10n_co_act_fields.account_act_fields_248,30,0
l10n_co_tech_provider.l10n_co_tech_provider_line_field_128,Cantidad,COD113,l10n_co_tech_provider.l10n_co_tech_provider_line_headboard_07,l10n_co_act_fields.account_act_fields_113,0,0
l10n_co_tech_provider.l10n_co_tech_provider_line_field_129,UnidadDeMedida,COD114,l10n_co_tech_provider.l10n_co_tech_provider_line_headboard_07,l10n_co_act_fields.account_act_fields_114,1,0
l10n_co_tech_provider.l10n_co_tech_provider_line_field_130,Descripcion,COD115,l10n_co_tech_provider.l10n_co_tech_provider_line_headboard_07,l10n_co_act_fields.account_act_fields_115,2,0
l10n_co_tech_provider.l10n_co_tech_provider_line_field_131,ValorUnitario,COD116,l10n_co_tech_provider.l10n_co_tech_provider_line_headboard_07,l10n_co_act_fields.account_act_fields_116,3,0
l10n_co_tech_provider.l10n_co_tech_provider_line_field_132,Importe,COD117,l10n_co_tech_provider.l10n_co_tech_provider_line_headboard_07,l10n_co_act_fields.account_act_fields_117,4,0
l10n_co_tech_provider.l10n_co_tech_provider_line_field_133,Cantidad Solicitada,COD118,l10n_co_tech_provider.l10n_co_tech_provider_line_headboard_07,l10n_co_act_fields.account_act_fields_118,5,
l10n_co_tech_provider.l10n_co_tech_provider_line_field_134,Número Interno ,COD119,l10n_co_tech_provider.l10n_co_tech_provider_line_headboard_07,l10n_co_act_fields.account_act_fields_119,6,
l10n_co_tech_provider.l10n_co_tech_provider_line_field_135,Número Cliente,COD120,l10n_co_tech_provider.l10n_co_tech_provider_line_headboard_07,l10n_co_act_fields.account_act_fields_120,7,
l10n_co_tech_provider.l10n_co_tech_provider_line_field_136,Código EAN ,COD121,l10n_co_tech_provider.l10n_co_tech_provider_line_headboard_07,l10n_co_act_fields.account_act_fields_121,8,
l10n_co_tech_provider.l10n_co_tech_provider_line_field_137,Código UPC,COD122,l10n_co_tech_provider.l10n_co_tech_provider_line_headboard_07,l10n_co_act_fields.account_act_fields_122,9,
l10n_co_tech_provider.l10n_co_tech_provider_line_field_138,Número Orden de Compra,COD123,l10n_co_tech_provider.l10n_co_tech_provider_line_headboard_07,l10n_co_act_fields.account_act_fields_123,10,
l10n_co_tech_provider.l10n_co_tech_provider_line_field_139,Posición Orden de Compra ,COD124,l10n_co_tech_provider.l10n_co_tech_provider_line_headboard_07,l10n_co_act_fields.account_act_fields_124,11,
l10n_co_tech_provider.l10n_co_tech_provider_line_field_140,Color ,COD125,l10n_co_tech_provider.l10n_co_tech_provider_line_headboard_07,l10n_co_act_fields.account_act_fields_125,12,
l10n_co_tech_provider.l10n_co_tech_provider_line_field_141,Estilo ,COD126,l10n_co_tech_provider.l10n_co_tech_provider_line_headboard_07,l10n_co_act_fields.account_act_fields_126,13,
l10n_co_tech_provider.l10n_co_tech_provider_line_field_142,Talla ,COD127,l10n_co_tech_provider.l10n_co_tech_provider_line_headboard_07,l10n_co_act_fields.account_act_fields_127,14,
l10n_co_tech_provider.l10n_co_tech_provider_line_field_143,Modelo ,COD128,l10n_co_tech_provider.l10n_co_tech_provider_line_headboard_07,l10n_co_act_fields.account_act_fields_128,15,
l10n_co_tech_provider.l10n_co_tech_provider_line_field_144,LOTE,COD129,l10n_co_tech_provider.l10n_co_tech_provider_line_headboard_07,l10n_co_act_fields.account_act_fields_129,16,
l10n_co_tech_provider.l10n_co_tech_provider_line_field_145,VENCE,COD130,l10n_co_tech_provider.l10n_co_tech_provider_line_headboard_07,l10n_co_act_fields.account_act_fields_130,17,
l10n_co_tech_provider.l10n_co_tech_provider_line_field_146,REGISTRO CUM,COD131,l10n_co_tech_provider.l10n_co_tech_provider_line_headboard_07,l10n_co_act_fields.account_act_fields_131,18,
l10n_co_tech_provider.l10n_co_tech_provider_line_field_147,Código del tipo de precio informado,COD132,l10n_co_tech_provider.l10n_co_tech_provider_line_headboard_07,l10n_co_act_fields.account_act_fields_132,19,
l10n_co_tech_provider.l10n_co_tech_provider_line_field_148,Unidades Por Empaque,COD133,l10n_co_tech_provider.l10n_co_tech_provider_line_headboard_07,l10n_co_act_fields.account_act_fields_133,20,
l10n_co_tech_provider.l10n_co_tech_provider_line_field_149,Marca,COD134,l10n_co_tech_provider.l10n_co_tech_provider_line_headboard_07,l10n_co_act_fields.account_act_fields_134,21,
l10n_co_tech_provider.l10n_co_tech_provider_line_field_150,ClaveCodigoUtilizado,COD135,l10n_co_tech_provider.l10n_co_tech_provider_line_headboard_07,l10n_co_act_fields.account_act_fields_135,22,0
l10n_co_tech_provider.l10n_co_tech_provider_line_field_151,CodigoProducto,COD136,l10n_co_tech_provider.l10n_co_tech_provider_line_headboard_07,l10n_co_act_fields.account_act_fields_136,23,0
l10n_co_tech_provider.l10n_co_tech_provider_line_field_152,Costo Muestras Comerciales,COD137,l10n_co_tech_provider.l10n_co_tech_provider_line_headboard_07,l10n_co_act_fields.account_act_fields_137,24,
l10n_co_tech_provider.l10n_co_tech_provider_line_field_153,"Código del vendedor correspondiente al
artículo",COD138,l10n_co_tech_provider.l10n_co_tech_provider_line_headboard_07,l10n_co_act_fields.account_act_fields_138,25,
l10n_co_tech_provider.l10n_co_tech_provider_line_field_154,Código del vendedor correspondiente a una subespecificación del artículo,COD139,l10n_co_tech_provider.l10n_co_tech_provider_line_headboard_07,l10n_co_act_fields.account_act_fields_139,26,
l10n_co_tech_provider.l10n_co_tech_provider_line_field_155,MontoTotalImpuesto,COD175,l10n_co_tech_provider.l10n_co_tech_provider_line_headboard_08,l10n_co_act_fields.account_act_fields_175,0,0
l10n_co_tech_provider.l10n_co_tech_provider_line_field_156,BaseImponible,COD176,l10n_co_tech_provider.l10n_co_tech_provider_line_headboard_08,l10n_co_act_fields.account_act_fields_176,1,0
l10n_co_tech_provider.l10n_co_tech_provider_line_field_157,ValorImpuesto,COD177,l10n_co_tech_provider.l10n_co_tech_provider_line_headboard_08,l10n_co_act_fields.account_act_fields_177,2,0
l10n_co_tech_provider.l10n_co_tech_provider_line_field_158,Unidad de Medida del Impuesto,COD178,l10n_co_tech_provider.l10n_co_tech_provider_line_headboard_08,l10n_co_act_fields.account_act_fields_178,3,0
l10n_co_tech_provider.l10n_co_tech_provider_line_field_159,Identificación de la unidad de medida,COD179,l10n_co_tech_provider.l10n_co_tech_provider_line_headboard_08,l10n_co_act_fields.account_act_fields_179,4,0
l10n_co_tech_provider.l10n_co_tech_provider_line_field_160,Valor del Impuesto por Unidad,COD180,l10n_co_tech_provider.l10n_co_tech_provider_line_headboard_08,l10n_co_act_fields.account_act_fields_180,5,0
l10n_co_tech_provider.l10n_co_tech_provider_line_field_161,TarifaImpuesto,COD181,l10n_co_tech_provider.l10n_co_tech_provider_line_headboard_08,l10n_co_act_fields.account_act_fields_181,6,
l10n_co_tech_provider.l10n_co_tech_provider_line_field_162,ClaveImpuesto,COD182,l10n_co_tech_provider.l10n_co_tech_provider_line_headboard_08,l10n_co_act_fields.account_act_fields_182,7,
l10n_co_tech_provider.l10n_co_tech_provider_line_field_163,NombreImpuesto,COD183,l10n_co_tech_provider.l10n_co_tech_provider_line_headboard_08,l10n_co_act_fields.account_act_fields_183,8,
,,,,,,
,,,,,,
,,,,,,
l10n_co_tech_provider.l10n_co_tech_provider_line_field_164,MontoTotalImpuesto,COD081,l10n_co_tech_provider.l10n_co_tech_provider_line_headboard_07_1,l10n_co_act_fields.account_act_fields_149,0,0
l10n_co_tech_provider.l10n_co_tech_provider_line_field_165,BaseImponible,COD082,l10n_co_tech_provider.l10n_co_tech_provider_line_headboard_07_1,l10n_co_act_fields.account_act_fields_150,1,0
l10n_co_tech_provider.l10n_co_tech_provider_line_field_166,ValorImpuesto,COD083,l10n_co_tech_provider.l10n_co_tech_provider_line_headboard_07_1,l10n_co_act_fields.account_act_fields_151,2,0
l10n_co_tech_provider.l10n_co_tech_provider_line_field_167,Unidad de Medida del Impuesto,,l10n_co_tech_provider.l10n_co_tech_provider_line_headboard_07_1,l10n_co_act_fields.account_act_fields_152,3,0
l10n_co_tech_provider.l10n_co_tech_provider_line_field_168,Identificación de la unidad de medida,,l10n_co_tech_provider.l10n_co_tech_provider_line_headboard_07_1,l10n_co_act_fields.account_act_fields_153,4,0
l10n_co_tech_provider.l10n_co_tech_provider_line_field_169,Valor del Impuesto por Unidad,,l10n_co_tech_provider.l10n_co_tech_provider_line_headboard_07_1,l10n_co_act_fields.account_act_fields_154,5,0
l10n_co_tech_provider.l10n_co_tech_provider_line_field_170,TarifaImpuesto,COD084,l10n_co_tech_provider.l10n_co_tech_provider_line_headboard_07_1,l10n_co_act_fields.account_act_fields_155,6,0
l10n_co_tech_provider.l10n_co_tech_provider_line_field_171,ClaveImpuesto,COD085,l10n_co_tech_provider.l10n_co_tech_provider_line_headboard_07_1,l10n_co_act_fields.account_act_fields_156,7,0
l10n_co_tech_provider.l10n_co_tech_provider_line_field_172,NombreImpuesto,COD086,l10n_co_tech_provider.l10n_co_tech_provider_line_headboard_07_1,l10n_co_act_fields.account_act_fields_157,8,0
l10n_co_tech_provider.l10n_co_tech_provider_line_field_173,MontoTotalImpuesto,COD081,l10n_co_tech_provider.l10n_co_tech_provider_line_headboard_07_2,l10n_co_act_fields.account_act_fields_158,0,0
l10n_co_tech_provider.l10n_co_tech_provider_line_field_174,BaseImponible,COD082,l10n_co_tech_provider.l10n_co_tech_provider_line_headboard_07_2,l10n_co_act_fields.account_act_fields_159,1,0
l10n_co_tech_provider.l10n_co_tech_provider_line_field_175,ValorImpuesto,COD083,l10n_co_tech_provider.l10n_co_tech_provider_line_headboard_07_2,l10n_co_act_fields.account_act_fields_160,2,0
l10n_co_tech_provider.l10n_co_tech_provider_line_field_176,TarifaImpuesto,COD084,l10n_co_tech_provider.l10n_co_tech_provider_line_headboard_07_2,l10n_co_act_fields.account_act_fields_161,3,0
l10n_co_tech_provider.l10n_co_tech_provider_line_field_177,ClaveImpuesto,COD085,l10n_co_tech_provider.l10n_co_tech_provider_line_headboard_07_2,l10n_co_act_fields.account_act_fields_162,4,0
l10n_co_tech_provider.l10n_co_tech_provider_line_field_178,NombreImpuesto,COD086,l10n_co_tech_provider.l10n_co_tech_provider_line_headboard_07_2,l10n_co_act_fields.account_act_fields_163,5,0
l10n_co_tech_provider.l10n_co_tech_provider_line_field_179,Monto Total Impuesto,COD184,l10n_co_tech_provider.l10n_co_tech_provider_line_headboard_09,l10n_co_act_fields.account_act_fields_184,0,0
l10n_co_tech_provider.l10n_co_tech_provider_line_field_180,Base Imponible sobre la que se calcula el valor del tributo,COD185,l10n_co_tech_provider.l10n_co_tech_provider_line_headboard_09,l10n_co_act_fields.account_act_fields_185,1,0
l10n_co_tech_provider.l10n_co_tech_provider_line_field_181,Valor del Impuesto: producto del porcentaje aplicado sobre la base imponible,COD186,l10n_co_tech_provider.l10n_co_tech_provider_line_headboard_09,l10n_co_act_fields.account_act_fields_186,2,0
l10n_co_tech_provider.l10n_co_tech_provider_line_field_182,Tarifa del Impuesto,COD187,l10n_co_tech_provider.l10n_co_tech_provider_line_headboard_09,l10n_co_act_fields.account_act_fields_187,3,0
l10n_co_tech_provider.l10n_co_tech_provider_line_field_183,Clave de Impuesto,COD188,l10n_co_tech_provider.l10n_co_tech_provider_line_headboard_09,l10n_co_act_fields.account_act_fields_188,4,0
l10n_co_tech_provider.l10n_co_tech_provider_line_field_184,Nombre del Impuesto,COD189,l10n_co_tech_provider.l10n_co_tech_provider_line_headboard_09,l10n_co_act_fields.account_act_fields_189,5,0
l10n_co_tech_provider.l10n_co_tech_provider_line_field_185,Calificador,COD193,l10n_co_tech_provider.l10n_co_tech_provider_line_headboard_10,l10n_co_act_fields.account_act_fields_193,0,0
l10n_co_tech_provider.l10n_co_tech_provider_line_field_186,IdentificaSeccionFactura,COD194,l10n_co_tech_provider.l10n_co_tech_provider_line_headboard_10,l10n_co_act_fields.account_act_fields_194,1,0
l10n_co_tech_provider.l10n_co_tech_provider_line_field_187,CodigoDescripcion,COD195,l10n_co_tech_provider.l10n_co_tech_provider_line_headboard_10,l10n_co_act_fields.account_act_fields_195,2,0
l10n_co_tech_provider.l10n_co_tech_provider_line_field_188,DescripcionCorrecion,COD196,l10n_co_tech_provider.l10n_co_tech_provider_line_headboard_10,l10n_co_act_fields.account_act_fields_196,3,0
l10n_co_tech_provider.l10n_co_tech_provider_line_field_189,Calificador,COD097,l10n_co_tech_provider.l10n_co_tech_provider_line_headboard_06,l10n_co_act_fields.account_act_fields_097,0,0
l10n_co_tech_provider.l10n_co_tech_provider_line_field_190,Numero ,COD098,l10n_co_tech_provider.l10n_co_tech_provider_line_headboard_06,l10n_co_act_fields.account_act_fields_098,1,0
l10n_co_tech_provider.l10n_co_tech_provider_line_field_191,NombreReferencia,COD099,l10n_co_tech_provider.l10n_co_tech_provider_line_headboard_06,l10n_co_act_fields.account_act_fields_099,2,0
l10n_co_tech_provider.l10n_co_tech_provider_line_field_192,FechaReferencia,COD100,l10n_co_tech_provider.l10n_co_tech_provider_line_headboard_06,l10n_co_act_fields.account_act_fields_100,3,0
l10n_co_tech_provider.l10n_co_tech_provider_line_field_193,IdentificadorFiscalDocumeto,COD101,l10n_co_tech_provider.l10n_co_tech_provider_line_headboard_06,l10n_co_act_fields.account_act_fields_101,4,0
l10n_co_tech_provider.l10n_co_tech_provider_line_field_194,CodigoDocumentoReferencia,COD102,l10n_co_tech_provider.l10n_co_tech_provider_line_headboard_06,l10n_co_act_fields.account_act_fields_102,5,0
l10n_co_tech_provider.l10n_co_tech_provider_line_field_195,Calificador del cargo o descuento ,COD103,l10n_co_tech_provider.l10n_co_tech_provider_line_headboard_07_3,l10n_co_act_fields.account_act_fields_103,0,0
l10n_co_tech_provider.l10n_co_tech_provider_line_field_196,Indicador Cargos y/o Descuentos Generales,COD104,l10n_co_tech_provider.l10n_co_tech_provider_line_headboard_07_3,l10n_co_act_fields.account_act_fields_104,1,0
l10n_co_tech_provider.l10n_co_tech_provider_line_field_197,Tipo de cargo o descuento ,COD105,l10n_co_tech_provider.l10n_co_tech_provider_line_headboard_07_3,l10n_co_act_fields.account_act_fields_105,2,0
l10n_co_tech_provider.l10n_co_tech_provider_line_field_198,Monto Base ,COD106,l10n_co_tech_provider.l10n_co_tech_provider_line_headboard_07_3,l10n_co_act_fields.account_act_fields_106,3,0
l10n_co_tech_provider.l10n_co_tech_provider_line_field_199,Porcentaje del cargo o descuento ,COD107,l10n_co_tech_provider.l10n_co_tech_provider_line_headboard_07_3,l10n_co_act_fields.account_act_fields_107,4,0
l10n_co_tech_provider.l10n_co_tech_provider_line_field_200,Monto del cargo o descuento ,COD108,l10n_co_tech_provider.l10n_co_tech_provider_line_headboard_07_3,l10n_co_act_fields.account_act_fields_108,5,0
l10n_co_tech_provider.l10n_co_tech_provider_line_field_201,Descripción del cargo o descuento ,COD109,l10n_co_tech_provider.l10n_co_tech_provider_line_headboard_07_3,l10n_co_act_fields.account_act_fields_109,6,0
l10n_co_tech_provider.l10n_co_tech_provider_line_field_202,Calificador del tipo de texto. ,COD111,l10n_co_tech_provider.l10n_co_tech_provider_line_headboard_11,l10n_co_act_fields.account_act_fields_111,0,0
l10n_co_tech_provider.l10n_co_tech_provider_line_field_203,Texto Libre ,COD112,l10n_co_tech_provider.l10n_co_tech_provider_line_headboard_11,l10n_co_act_fields.account_act_fields_112,1,0
l10n_co_tech_provider.l10n_co_tech_provider_line_field_204,Calificador del tipo de texto. ,COD111-2,l10n_co_tech_provider.l10n_co_tech_provider_line_headboard_12,l10n_co_act_fields.account_act_fields_257,0,0
l10n_co_tech_provider.l10n_co_tech_provider_line_field_205,Texto Libre ,COD049,l10n_co_tech_provider.l10n_co_tech_provider_line_headboard_12,l10n_co_act_fields.account_act_fields_049,1,0
l10n_co_tech_provider.l10n_co_tech_provider_line_field_206,ID,COD168,l10n_co_tech_provider.l10n_co_tech_provider_line_headboard_13,l10n_co_act_fields.account_act_fields_168,0,0
l10n_co_tech_provider.l10n_co_tech_provider_line_field_207,Valor del pago,COD169,l10n_co_tech_provider.l10n_co_tech_provider_line_headboard_13,l10n_co_act_fields.account_act_fields_169,1,0
l10n_co_tech_provider.l10n_co_tech_provider_line_field_208,Moneda,COD170,l10n_co_tech_provider.l10n_co_tech_provider_line_headboard_13,l10n_co_act_fields.account_act_fields_170,2,0
l10n_co_tech_provider.l10n_co_tech_provider_line_field_209,Fecha de Recepción del Pago,COD171,l10n_co_tech_provider.l10n_co_tech_provider_line_headboard_13,l10n_co_act_fields.account_act_fields_171,3,0
l10n_co_tech_provider.l10n_co_tech_provider_line_field_210,Fecha de Realización del Pago.,COD172,l10n_co_tech_provider.l10n_co_tech_provider_line_headboard_13,l10n_co_act_fields.account_act_fields_172,4,0
l10n_co_tech_provider.l10n_co_tech_provider_line_field_211,Hora de Realización del Pago.,COD173,l10n_co_tech_provider.l10n_co_tech_provider_line_headboard_13,l10n_co_act_fields.account_act_fields_173,5,0
l10n_co_tech_provider.l10n_co_tech_provider_line_field_212,Instrucciones del Pago,COD174,l10n_co_tech_provider.l10n_co_tech_provider_line_headboard_13,l10n_co_act_fields.account_act_fields_174,6,0
l10n_co_tech_provider.l10n_co_tech_provider_line_field_213,Calificador,COD097-2,l10n_co_tech_provider.l10n_co_tech_provider_line_headboard_14,l10n_co_act_fields.account_act_fields_261,0,0
l10n_co_tech_provider.l10n_co_tech_provider_line_field_214,Numero ,COD098-2,l10n_co_tech_provider.l10n_co_tech_provider_line_headboard_14,l10n_co_act_fields.account_act_fields_262,1,0
l10n_co_tech_provider.l10n_co_tech_provider_line_field_215,NombreReferencia,COD099-2,l10n_co_tech_provider.l10n_co_tech_provider_line_headboard_14,l10n_co_act_fields.account_act_fields_263,2,0
l10n_co_tech_provider.l10n_co_tech_provider_line_field_216,FechaReferencia,COD100-2,l10n_co_tech_provider.l10n_co_tech_provider_line_headboard_14,l10n_co_act_fields.account_act_fields_264,3,0
l10n_co_tech_provider.l10n_co_tech_provider_line_field_217,IdentificadorFiscalDocumeto,COD101-2,l10n_co_tech_provider.l10n_co_tech_provider_line_headboard_14,l10n_co_act_fields.account_act_fields_265,4,0
l10n_co_tech_provider.l10n_co_tech_provider_line_field_218,CodigoDocumentoReferencia,COD102-2,l10n_co_tech_provider.l10n_co_tech_provider_line_headboard_14,l10n_co_act_fields.account_act_fields_266,5,0
